{
  "metrics": {
    "accuracy": 0.8299319727891157,
    "roc_auc": 0.7628133344818674
  },
  "report": {
    "0": {
      "precision": 0.8530465949820788,
      "recall": 0.9635627530364372,
      "f1-score": 0.9049429657794678,
      "support": 247
    },
    "1": {
      "precision": 0.4,
      "recall": 0.1276595744680851,
      "f1-score": 0.1935483870967742,
      "support": 47
    },
    "accuracy": 0.8299319727891157,
    "macro avg": {
      "precision": 0.6265232974910394,
      "recall": 0.5456111637522612,
      "f1-score": 0.5492456764381209,
      "support": 294
    },
    "weighted avg": {
      "precision": 0.7806207787774607,
      "recall": 0.8299319727891157,
      "f1-score": 0.7912166215682888,
      "support": 294
    }
  }
}